ABC003500387;28/03/14;1850,07;1866,63;1850,07;1857,62;0
ABC003500387;31/03/14;1859,16;1875,18;1859,16;1872,34;0
ABC003500387;01/04/14;1873,96;1885,84;1873,96;1885,52;0
ABC003500387;02/04/14;1886,61;1893,17;1883,79;1890,90;0
ABC003500387;03/04/14;1891,43;1893,80;1882,65;1888,77;0
ABC003500387;04/04/14;1890,25;1897,28;1863,26;1865,09;0
ABC003500387;07/04/14;1863,92;1864,04;1841,48;1845,04;0
ABC003500387;08/04/14;1845,48;1854,95;1837,49;1851,96;0
ABC003500387;09/04/14;1852,64;1872,43;1852,38;1872,18;0
ABC003500387;10/04/14;1872,28;1872,53;1830,87;1833,08;0
ABC003500387;11/04/14;1830,65;1835,07;1814,36;1815,69;0
ABC003500387;14/04/14;1818,18;1834,19;1815,80;1830,61;0
ABC003500387;15/04/14;1831,45;1844,02;1816,29;1842,98;0
ABC003500387;16/04/14;1846,01;1862,31;1846,01;1862,31;0
ABC003500387;17/04/14;1861,73;1869,63;1856,72;1864,85;0
ABC003500387;18/04/14;1861,73;1869,63;1856,72;1864,85;0
ABC003500387;22/04/14;1872,57;1884,89;1872,57;1879,55;0
ABC003500387;23/04/14;1879,32;1879,75;1873,91;1875,39;0
ABC003500387;24/04/14;1881,97;1884,06;1870,24;1878,61;0
ABC003500387;25/04/14;1877,72;1877,72;1859,70;1863,40;0
ABC003500387;28/04/14;1865,00;1877,01;1850,61;1869,43;0
ABC003500387;29/04/14;1870,78;1880,60;1870,78;1878,33;0
ABC003500387;30/04/14;1877,10;1885,20;1872,69;1883,95;0
ABC003500387;01/05/14;1884,39;1888,59;1878,04;1883,68;0
ABC003500387;02/05/14;1885,30;1891,33;1878,50;1881,14;0
ABC003500387;05/05/14;1879,45;1885,51;1866,77;1884,66;0
ABC003500387;06/05/14;1883,69;1883,69;1867,72;1867,72;0
ABC003500387;07/05/14;1868,53;1878,83;1859,79;1878,21;0
ABC003500387;08/05/14;1877,39;1889,07;1870,05;1875,63;0
ABC003500387;09/05/14;1875,27;1878,57;1867,02;1878,48;0
ABC003500387;12/05/14;1880,03;1897,13;1880,03;1896,65;0
ABC003500387;13/05/14;1896,75;1902,17;1896,06;1897,45;0
ABC003500387;14/05/14;1897,13;1897,13;1885,77;1888,53;0
ABC003500387;15/05/14;1888,16;1888,16;1862,36;1870,85;0
ABC003500387;16/05/14;1871,19;1878,28;1864,82;1877,86;0
ABC003500387;19/05/14;1876,66;1886,00;1872,42;1885,08;0
ABC003500387;20/05/14;1884,88;1884,88;1868,14;1872,83;0
ABC003500387;21/05/14;1873,34;1888,80;1873,34;1888,03;0
ABC003500387;22/05/14;1888,19;1896,33;1885,39;1892,49;0
ABC003500387;23/05/14;1893,32;1901,26;1893,32;1900,53;0
ABC003500387;27/05/14;1902,01;1912,28;1902,01;1911,91;0
ABC003500387;28/05/14;1911,77;1914,46;1907,30;1909,78;0
ABC003500387;29/05/14;1910,60;1920,03;1909,82;1920,03;0
ABC003500387;30/05/14;1920,33;1924,03;1916,64;1923,57;0
ABC003500387;02/06/14;1923,87;1925,88;1915,98;1924,97;0
ABC003500387;03/06/14;1923,07;1925,07;1918,79;1924,24;0
ABC003500387;04/06/14;1923,06;1928,63;1918,60;1927,88;0
ABC003500387;05/06/14;1928,52;1941,74;1922,93;1940,46;0
ABC003500387;06/06/14;1942,41;1949,44;1942,41;1949,44;0
ABC003500387;09/06/14;1948,97;1955,55;1947,16;1951,27;0
ABC003500387;10/06/14;1950,34;1950,86;1944,64;1950,79;0
ABC003500387;11/06/14;1949,37;1949,37;1940,08;1943,89;0
ABC003500387;12/06/14;1943,35;1943,35;1925,78;1930,11;0
ABC003500387;13/06/14;1930,80;1937,30;1927,69;1936,16;0
ABC003500387;16/06/14;1934,84;1941,15;1930,91;1937,78;0
ABC003500387;17/06/14;1937,15;1943,69;1933,55;1941,99;0
ABC003500387;18/06/14;1942,73;1957,74;1939,29;1956,98;0
ABC003500387;19/06/14;1957,50;1959,87;1952,26;1959,48;0
ABC003500387;20/06/14;1960,45;1963,91;1959,17;1962,87;0
ABC003500387;23/06/14;1962,92;1963,74;1958,89;1962,61;0
ABC003500387;24/06/14;1961,97;1968,17;1948,34;1949,98;0
ABC003500387;25/06/14;1949,27;1960,83;1947,49;1959,53;0
ABC003500387;26/06/14;1959,89;1959,89;1944,69;1957,22;0
ABC003500387;27/06/14;1956,56;1961,47;1952,18;1960,96;0
ABC003500387;30/06/14;1960,79;1964,24;1958,22;1960,23;0
ABC003500387;01/07/14;1962,29;1978,58;1962,29;1973,32;0
ABC003500387;02/07/14;1973,06;1976,67;1972,58;1974,62;0
ABC003500387;03/07/14;1975,88;1985,59;1975,88;1985,44;0
ABC003500387;04/07/14;1975,88;1985,59;1975,88;1985,44;0
ABC003500387;07/07/14;1984,22;1984,22;1974,88;1977,65;0
ABC003500387;08/07/14;1976,39;1976,39;1959,46;1963,71;0
ABC003500387;09/07/14;1965,10;1974,15;1965,10;1972,83;0
ABC003500387;10/07/14;1966,67;1969,84;1952,86;1964,68;0
ABC003500387;11/07/14;1965,76;1968,67;1959,63;1967,57;0
ABC003500387;14/07/14;1969,86;1979,85;1969,86;1977,10;0
ABC003500387;15/07/14;1977,36;1982,52;1965,34;1973,28;0
ABC003500387;16/07/14;1976,35;1983,94;1975,67;1981,57;0
ABC003500387;17/07/14;1979,75;1981,80;1955,59;1958,12;0
ABC003500387;18/07/14;1961,54;1979,91;1960,82;1978,22;0
ABC003500387;21/07/14;1976,93;1976,93;1965,77;1973,63;0
ABC003500387;22/07/14;1975,65;1986,24;1975,65;1983,53;0
ABC003500387;23/07/14;1985,32;1989,23;1982,44;1987,01;0
ABC003500387;24/07/14;1988,07;1991,39;1985,79;1987,98;0
ABC003500387;25/07/14;1984,60;1984,60;1974,37;1978,34;0
ABC003500387;28/07/14;1978,25;1981,52;1967,31;1978,91;0
ABC003500387;29/07/14;1980,03;1984,85;1969,95;1969,95;0
ABC003500387;30/07/14;1973,21;1978,90;1962,42;1970,07;0
ABC003500387;31/07/14;1965,14;1965,14;1930,67;1930,67;0
ABC003500387;01/08/14;1929,80;1937,35;1916,37;1925,15;0
ABC003500387;04/08/14;1926,62;1942,92;1921,20;1938,99;0
ABC003500387;05/08/14;1936,34;1936,34;1913,77;1920,21;0
ABC003500387;06/08/14;1917,29;1927,91;1911,45;1920,24;0
ABC003500387;07/08/14;1923,03;1928,89;1904,78;1909,57;0
ABC003500387;08/08/14;1910,35;1932,38;1909,01;1931,59;0
ABC003500387;11/08/14;1933,43;1944,90;1933,43;1936,92;0
ABC003500387;12/08/14;1935,73;1939,65;1928,29;1933,75;0
ABC003500387;13/08/14;1935,60;1948,41;1935,60;1946,72;0
ABC003500387;14/08/14;1947,41;1955,23;1947,41;1955,18;0
ABC003500387;15/08/14;1958,87;1964,04;1941,50;1955,06;0
ABC003500387;18/08/14;1958,36;1971,99;1958,36;1971,74;0
ABC003500387;19/08/14;1972,73;1982,57;1972,73;1981,60;0
ABC003500387;20/08/14;1980,46;1988,57;1977,68;1986,51;0
ABC003500387;21/08/14;1986,82;1994,76;1986,82;1992,37;0
ABC003500387;22/08/14;1992,60;1993,54;1984,76;1988,40;0
ABC003500387;25/08/14;1991,74;2001,95;1991,74;1997,92;0
ABC003500387;26/08/14;1998,59;2005,04;1998,59;2000,02;0
ABC003500387;27/08/14;2000,54;2002,14;1996,20;2000,12;0
ABC003500387;28/08/14;1997,42;1998,55;1990,52;1996,74;0
ABC003500387;29/08/14;1998,45;2003,38;1994,65;2003,37;0
ABC003500387;01/09/14;1998,45;2003,38;1994,65;2003,37;0
ABC003500387;02/09/14;2004,07;2006,12;1994,85;2002,28;0
ABC003500387;03/09/14;2003,57;2009,28;1998,14;2000,72;0
ABC003500387;04/09/14;2001,67;2011,17;1992,54;1997,65;0
ABC003500387;05/09/14;1998,00;2007,71;1990,10;2007,71;0
ABC003500387;08/09/14;2007,17;2007,17;1995,60;2001,54;0
ABC003500387;09/09/14;2000,73;2001,01;1984,61;1988,44;0
ABC003500387;10/09/14;1988,41;1996,66;1982,99;1995,69;0
ABC003500387;11/09/14;1992,85;1997,65;1985,93;1997,45;0
ABC003500387;12/09/14;1996,74;1996,74;1980,26;1985,54;0
ABC003500387;15/09/14;1986,04;1987,18;1978,48;1984,13;0
ABC003500387;16/09/14;1981,93;2002,28;1979,06;1998,98;0
ABC003500387;17/09/14;1999,30;2010,74;1993,29;2001,57;0
ABC003500387;18/09/14;2003,07;2012,34;2003,07;2011,36;0
ABC003500387;19/09/14;2012,74;2019,26;2006,59;2010,40;0
ABC003500387;22/09/14;2009,08;2009,08;1991,01;1994,29;0
ABC003500387;23/09/14;1992,78;1995,41;1982,77;1982,77;0
ABC003500387;24/09/14;1983,34;1999,79;1978,63;1998,30;0
ABC003500387;25/09/14;1997,32;1997,32;1965,99;1965,99;0
ABC003500387;26/09/14;1966,22;1986,37;1966,22;1982,85;0
ABC003500387;29/09/14;1978,96;1981,28;1964,04;1977,80;0
ABC003500387;30/09/14;1978,21;1985,17;1968,96;1972,29;0
ABC003500387;01/10/14;1971,44;1971,44;1941,72;1946,16;0
ABC003500387;02/10/14;1945,83;1952,32;1926,03;1946,17;0
ABC003500387;03/10/14;1948,12;1971,19;1948,12;1967,90;0
ABC003500387;06/10/14;1970,01;1977,84;1958,43;1964,82;0
ABC003500387;07/10/14;1962,36;1962,36;1934,87;1935,10;0
ABC003500387;08/10/14;1935,55;1970,36;1925,25;1968,89;0
ABC003500387;09/10/14;1967,68;1967,68;1927,56;1928,21;0
ABC003500387;10/10/14;1925,63;1936,98;1906,05;1906,13;0
ABC003500387;13/10/14;1905,65;1912,09;1874,14;1874,74;0
ABC003500387;14/10/14;1877,11;1898,71;1871,79;1877,70;0
ABC003500387;15/10/14;1874,18;1874,18;1820,66;1862,49;0
ABC003500387;16/10/14;1855,95;1876,01;1835,02;1862,76;0
ABC003500387;17/10/14;1864,91;1898,16;1864,91;1886,76;0
ABC003500387;20/10/14;1885,62;1905,03;1882,30;1904,01;0
ABC003500387;21/10/14;1909,38;1942,45;1909,38;1941,28;0
ABC003500387;22/10/14;1941,29;1949,31;1926,83;1927,11;0
ABC003500387;23/10/14;1931,02;1961,95;1931,02;1950,82;0
ABC003500387;24/10/14;1951,59;1965,27;1946,27;1964,58;0
ABC003500387;27/10/14;1962,97;1964,64;1951,37;1961,63;0
ABC003500387;28/10/14;1964,14;1985,05;1964,14;1985,05;0
ABC003500387;29/10/14;1983,29;1991,40;1969,04;1982,30;0
ABC003500387;30/10/14;1979,49;1999,40;1974,75;1994,65;0
ABC003500387;31/10/14;2001,20;2018,19;2001,20;2018,05;0
ABC003500387;03/11/14;2018,21;2024,46;2013,68;2017,81;0
ABC003500387;04/11/14;2015,81;2015,98;2001,01;2012,10;0
ABC003500387;05/11/14;2015,29;2023,77;2014,42;2023,57;0
ABC003500387;06/11/14;2023,33;2031,61;2015,86;2031,21;0
ABC003500387;07/11/14;2032,36;2034,26;2025,07;2031,92;0
ABC003500387;10/11/14;2032,01;2038,70;2030,17;2038,26;0
ABC003500387;11/11/14;2038,20;2041,28;2035,28;2039,68;0
ABC003500387;12/11/14;2037,75;2040,33;2031,95;2038,25;0
ABC003500387;13/11/14;2039,21;2046,18;2030,44;2039,33;0
ABC003500387;14/11/14;2039,74;2042,22;2035,20;2039,82;0
ABC003500387;17/11/14;2038,29;2043,07;2034,46;2041,32;0
ABC003500387;18/11/14;2041,48;2056,08;2041,48;2051,80;0
ABC003500387;19/11/14;2051,16;2052,14;2040,37;2048,72;0
ABC003500387;20/11/14;2045,87;2053,84;2040,49;2052,75;0
ABC003500387;21/11/14;2057,46;2071,46;2056,75;2063,50;0
ABC003500387;24/11/14;2065,07;2070,17;2065,07;2069,41;0
ABC003500387;25/11/14;2070,15;2074,21;2064,75;2067,03;0
ABC003500387;26/11/14;2067,36;2073,29;2066,62;2072,83;0
ABC003500387;27/11/14;2067,36;2073,29;2066,62;2072,83;0
ABC003500387;28/11/14;2074,78;2075,76;2065,06;2067,56;0
ABC003500387;01/12/14;2065,78;2065,78;2049,57;2053,44;0
ABC003500387;02/12/14;2053,77;2068,77;2053,77;2066,55;0
ABC003500387;03/12/14;2067,45;2076,28;2066,65;2074,33;0
ABC003500387;04/12/14;2073,64;2077,34;2062,34;2071,92;0
ABC003500387;05/12/14;2072,78;2079,47;2070,81;2075,37;0
ABC003500387;08/12/14;2074,84;2075,78;2054,27;2060,31;0
ABC003500387;09/12/14;2056,55;2060,60;2034,17;2059,82;0
ABC003500387;10/12/14;2058,86;2058,86;2024,26;2026,14;0
ABC003500387;11/12/14;2027,92;2055,53;2027,92;2035,33;0
ABC003500387;12/12/14;2030,36;2032,25;2002,33;2002,33;0
ABC003500387;15/12/14;2005,03;2018,69;1982,26;1989,63;0
ABC003500387;16/12/14;1986,71;2016,89;1972,56;1972,74;0
ABC003500387;17/12/14;1973,77;2016,75;1973,77;2012,89;0
ABC003500387;18/12/14;2018,98;2061,23;2018,98;2061,23;0
ABC003500387;19/12/14;2061,04;2077,85;2061,03;2070,65;0
ABC003500387;22/12/14;2069,28;2078,76;2069,28;2078,54;0
ABC003500387;23/12/14;2081,48;2086,73;2079,77;2082,17;0
ABC003500387;24/12/14;2083,25;2087,56;2081,86;2081,88;0
ABC003500387;26/12/14;2084,30;2092,70;2084,30;2088,77;0
ABC003500387;29/12/14;2087,63;2093,55;2085,75;2090,57;0
ABC003500387;30/12/14;2088,49;2088,49;2079,53;2080,35;0
ABC003500387;31/12/14;2082,11;2085,58;2057,94;2058,90;0
ABC003500387;02/01/15;2058,90;2072,36;2046,04;2058,20;0
ABC003500387;05/01/15;2054,44;2054,44;2017,34;2020,58;0
ABC003500387;06/01/15;2022,15;2030,25;1992,44;2002,61;0
ABC003500387;07/01/15;2005,55;2029,61;2005,55;2025,90;0
ABC003500387;08/01/15;2030,61;2064,08;2030,61;2062,14;0
ABC003500387;09/01/15;2063,45;2064,43;2038,33;2044,81;0
ABC003500387;12/01/15;2046,13;2049,30;2022,58;2028,26;0
ABC003500387;13/01/15;2031,58;2056,93;2008,25;2023,03;0
ABC003500387;14/01/15;2018,40;2018,40;1988,44;2011,27;0
ABC003500387;15/01/15;2013,75;2021,35;1991,47;1992,67;0
ABC003500387;16/01/15;1992,25;2020,46;1988,12;2019,42;0
ABC003500387;19/01/15;1992,25;2020,46;1988,12;2019,42;0
ABC003500387;20/01/15;2020,76;2028,94;2004,49;2022,55;0
ABC003500387;21/01/15;2020,19;2038,29;2012,04;2032,12;0
ABC003500387;22/01/15;2034,30;2064,62;2026,38;2063,15;0
ABC003500387;23/01/15;2062,98;2062,98;2050,54;2051,82;0
ABC003500387;26/01/15;2050,42;2057,62;2040,97;2057,09;0
ABC003500387;27/01/15;2047,86;2047,86;2019,91;2029,55;0
ABC003500387;28/01/15;2032,34;2042,49;2001,49;2002,16;0
ABC003500387;29/01/15;2002,45;2024,64;1989,18;2021,25;0
ABC003500387;30/01/15;2019,35;2023,32;1993,38;1994,99;0
ABC003500387;02/02/15;1996,67;2021,66;1980,90;2020,85;0
ABC003500387;03/02/15;2022,71;2050,30;2022,71;2050,03;0
ABC003500387;04/02/15;2048,86;2054,74;2036,72;2041,51;0
ABC003500387;05/02/15;2043,45;2063,55;2043,45;2062,52;0
ABC003500387;06/02/15;2062,28;2072,40;2049,97;2055,47;0
ABC003500387;09/02/15;2052,04;2056,16;2041,88;2046,74;0
ABC003500387;10/02/15;2049,38;2070,86;2048,62;2068,59;0
ABC003500387;11/02/15;2068,55;2073,48;2057,99;2068,53;0
ABC003500387;12/02/15;2069,98;2088,53;2069,98;2088,48;0
ABC003500387;13/02/15;2088,78;2097,03;2086,70;2096,99;0
ABC003500387;16/02/15;2088,78;2097,03;2086,70;2096,99;0
ABC003500387;17/02/15;2096,47;2101,30;2089,80;2100,34;0
ABC003500387;18/02/15;2099,16;2100,23;2092,15;2099,68;0
ABC003500387;19/02/15;2099,25;2102,13;2090,79;2097,45;0
ABC003500387;20/02/15;2097,65;2110,61;2085,44;2110,30;0
ABC003500387;23/02/15;2110,05;2110,05;2103,00;2109,66;0
ABC003500387;24/02/15;2109,10;2117,94;2105,87;2115,48;0
ABC003500387;25/02/15;2115,30;2119,59;2109,89;2113,86;0
ABC003500387;26/02/15;2113,91;2113,91;2103,76;2110,74;0
ABC003500387;27/02/15;2110,88;2112,74;2103,75;2104,50;0
ABC003500387;02/03/15;2105,23;2117,52;2104,50;2117,39;0
ABC003500387;03/03/15;2115,76;2115,76;2098,26;2107,78;0
ABC003500387;04/03/15;2107,72;2107,72;2087,62;2098,53;0
ABC003500387;05/03/15;2098,54;2104,25;2095,22;2101,04;0
ABC003500387;06/03/15;2100,91;2100,91;2067,27;2071,26;0
ABC003500387;09/03/15;2072,25;2083,49;2072,21;2079,43;0
ABC003500387;10/03/15;2076,14;2076,14;2044,16;2044,16;0
ABC003500387;11/03/15;2044,69;2050,08;2039,69;2040,24;0
ABC003500387;12/03/15;2041,10;2066,41;2041,10;2065,95;0
ABC003500387;13/03/15;2064,56;2064,56;2041,17;2053,40;0
ABC003500387;16/03/15;2055,35;2081,41;2055,35;2081,19;0
ABC003500387;17/03/15;2080,59;2080,59;2065,08;2074,28;0
ABC003500387;18/03/15;2072,84;2106,85;2061,23;2099,50;0
ABC003500387;19/03/15;2098,69;2098,69;2085,56;2089,27;0
ABC003500387;20/03/15;2090,32;2113,92;2090,32;2108,10;0
ABC003500387;23/03/15;2107,99;2114,86;2104,42;2104,42;0
ABC003500387;24/03/15;2103,94;2107,63;2091,50;2091,50;0
ABC003500387;25/03/15;2093,10;2097,43;2061,05;2061,05;0
ABC003500387;26/03/15;2059,94;2067,15;2045,50;2056,15;0
ABC003500387;27/03/15;2055,78;2062,83;2052,96;2061,02;0
ABC003500387;30/03/15;2064,11;2088,97;2064,11;2086,24;0
ABC003500387;31/03/15;2084,05;2084,05;2067,04;2067,89;0
ABC003500387;01/04/15;2067,63;2067,63;2048,38;2059,69;0
ABC003500387;02/04/15;2060,03;2072,17;2057,32;2066,96;0
ABC003500387;03/04/15;2060,03;2072,17;2057,32;2066,96;0
ABC003500387;06/04/15;2064,87;2086,99;2056,52;2080,62;0
ABC003500387;07/04/15;2080,79;2089,81;2076,10;2076,33;0
ABC003500387;08/04/15;2076,94;2086,69;2073,30;2081,90;0
ABC003500387;09/04/15;2081,29;2093,31;2074,29;2091,18;0
ABC003500387;10/04/15;2091,51;2102,61;2091,51;2102,06;0
ABC003500387;13/04/15;2102,03;2107,65;2092,33;2092,43;0
ABC003500387;14/04/15;2092,28;2098,62;2083,24;2095,84;0
ABC003500387;15/04/15;2097,82;2111,91;2097,82;2106,63;0
ABC003500387;16/04/15;2105,96;2111,30;2100,02;2104,99;0
ABC003500387;17/04/15;2102,58;2102,58;2072,37;2081,18;0
ABC003500387;20/04/15;2084,11;2103,94;2084,11;2100,40;0
ABC003500387;21/04/15;2102,82;2109,64;2094,38;2097,29;0
ABC003500387;22/04/15;2098,27;2109,98;2091,05;2107,96;0
ABC003500387;23/04/15;2107,21;2120,49;2103,19;2112,93;0
ABC003500387;24/04/15;2112,80;2120,92;2112,80;2117,69;0
ABC003500387;27/04/15;2119,29;2125,92;2107,04;2108,92;0
ABC003500387;28/04/15;2108,35;2116,09;2094,89;2114,76;0
ABC003500387;29/04/15;2112,49;2113,65;2097,41;2106,85;0
ABC003500387;30/04/15;2105,52;2105,52;2077,59;2085,51;0
ABC003500387;01/05/15;2087,38;2108,41;2087,38;2108,29;0
ABC003500387;04/05/15;2110,23;2120,95;2110,23;2114,49;0
ABC003500387;05/05/15;2112,63;2115,24;2088,46;2089,46;0
ABC003500387;06/05/15;2091,26;2098,42;2067,93;2080,15;0
ABC003500387;07/05/15;2079,96;2092,90;2074,99;2088,00;0
ABC003500387;08/05/15;2092,13;2117,66;2092,13;2116,10;0
ABC003500387;11/05/15;2115,56;2117,69;2104,58;2105,33;0
ABC003500387;12/05/15;2102,87;2105,06;2085,57;2099,12;0
ABC003500387;13/05/15;2099,62;2110,19;2096,04;2098,48;0
ABC003500387;14/05/15;2100,43;2121,45;2100,43;2121,10;0
ABC003500387;15/05/15;2122,07;2123,89;2116,79;2122,73;0
ABC003500387;18/05/15;2121,30;2131,78;2120,01;2129,20;0
ABC003500387;19/05/15;2129,45;2133,02;2124,50;2127,83;0
ABC003500387;20/05/15;2127,79;2134,72;2122,59;2125,85;0
ABC003500387;21/05/15;2125,55;2134,28;2122,95;2130,82;0
ABC003500387;22/05/15;2130,36;2132,15;2126,06;2126,06;0
ABC003500387;25/05/15;2130,36;2132,15;2126,06;2126,06;0
ABC003500387;26/05/15;2125,34;2125,34;2099,18;2104,20;0
ABC003500387;27/05/15;2105,13;2126,22;2105,13;2123,48;0
ABC003500387;28/05/15;2122,27;2122,27;2112,86;2120,79;0
ABC003500387;29/05/15;2120,66;2120,66;2104,89;2107,39;0
ABC003500387;01/06/15;2108,64;2119,15;2102,54;2111,73;0
ABC003500387;02/06/15;2110,41;2117,59;2099,14;2109,60;0
ABC003500387;03/06/15;2110,64;2121,92;2109,61;2114,07;0
ABC003500387;04/06/15;2112,35;2112,89;2093,23;2095,84;0
ABC003500387;05/06/15;2095,09;2100,99;2085,67;2092,83;0
ABC003500387;08/06/15;2092,34;2093,01;2079,11;2079,28;0
ABC003500387;09/06/15;2079,07;2085,62;2072,14;2080,15;0
ABC003500387;10/06/15;2081,12;2108,50;2081,12;2105,20;0
ABC003500387;11/06/15;2106,24;2115,02;2106,24;2108,86;0
ABC003500387;12/06/15;2107,43;2107,43;2091,33;2094,11;0
ABC003500387;15/06/15;2091,34;2091,34;2072,49;2084,43;0
ABC003500387;16/06/15;2084,26;2097,40;2082,10;2096,29;0
ABC003500387;17/06/15;2097,40;2106,79;2088,86;2100,44;0
ABC003500387;18/06/15;2101,58;2126,65;2101,58;2121,24;0
ABC003500387;19/06/15;2121,03;2121,64;2109,38;2109,99;0
ABC003500387;22/06/15;2112,50;2129,87;2112,50;2122,85;0
ABC003500387;23/06/15;2123,16;2128,03;2119,89;2124,20;0
ABC003500387;24/06/15;2123,33;2125,10;2108,58;2108,58;0
ABC003500387;25/06/15;2109,96;2116,04;2101,78;2102,31;0
ABC003500387;26/06/15;2102,62;2108,92;2095,38;2101,49;0
ABC003500387;29/06/15;2098,63;2098,63;2056,64;2057,64;0
ABC003500387;30/06/15;2061,19;2074,28;2056,32;2063,11;0
ABC003500387;01/07/15;2067,00;2082,78;2067,00;2077,42;0
ABC003500387;02/07/15;2078,03;2085,06;2071,02;2076,78;0
ABC003500387;03/07/15;2078,03;2085,06;2071,02;2076,78;0
ABC003500387;06/07/15;2073,95;2078,61;2058,40;2068,76;0
ABC003500387;07/07/15;2069,52;2083,74;2044,02;2081,34;0
ABC003500387;08/07/15;2077,66;2077,66;2044,66;2046,68;0
ABC003500387;09/07/15;2049,73;2074,28;2049,73;2051,31;0
ABC003500387;10/07/15;2052,74;2081,31;2052,74;2076,62;0
ABC003500387;13/07/15;2080,03;2100,67;2080,03;2099,60;0
ABC003500387;14/07/15;2099,72;2111,98;2098,18;2108,95;0
ABC003500387;15/07/15;2109,01;2114,14;2102,49;2107,40;0
ABC003500387;16/07/15;2110,55;2124,42;2110,55;2124,29;0
ABC003500387;17/07/15;2126,80;2128,91;2119,88;2126,64;0
ABC003500387;20/07/15;2126,85;2132,82;2123,65;2128,28;0
ABC003500387;21/07/15;2127,55;2128,49;2115,40;2119,21;0
ABC003500387;22/07/15;2118,21;2118,51;2110,00;2114,15;0
ABC003500387;23/07/15;2114,16;2116,87;2098,63;2102,15;0
ABC003500387;24/07/15;2102,24;2106,01;2077,09;2079,65;0
ABC003500387;27/07/15;2078,19;2078,19;2063,52;2067,64;0
ABC003500387;28/07/15;2070,75;2095,60;2069,09;2093,25;0
ABC003500387;29/07/15;2094,70;2110,60;2094,08;2108,57;0
ABC003500387;30/07/15;2106,78;2110,48;2094,97;2108,63;0
ABC003500387;31/07/15;2111,60;2114,24;2102,07;2103,84;0
ABC003500387;03/08/15;2104,49;2105,70;2087,31;2098,04;0
ABC003500387;04/08/15;2097,68;2102,51;2088,60;2093,32;0
ABC003500387;05/08/15;2095,27;2112,66;2095,27;2099,84;0
ABC003500387;06/08/15;2100,75;2103,32;2075,53;2083,56;0
ABC003500387;07/08/15;2082,61;2082,61;2067,91;2077,57;0
ABC003500387;10/08/15;2080,98;2105,35;2080,98;2104,18;0
ABC003500387;11/08/15;2102,66;2102,66;2076,49;2084,07;0
ABC003500387;12/08/15;2081,10;2089,06;2052,09;2086,05;0
ABC003500387;13/08/15;2086,19;2092,93;2078,26;2083,39;0
ABC003500387;14/08/15;2083,15;2092,45;2080,61;2091,54;0
ABC003500387;17/08/15;2089,70;2102,87;2079,30;2102,44;0
ABC003500387;18/08/15;2101,99;2103,47;2094,14;2096,92;0
ABC003500387;19/08/15;2095,69;2096,17;2070,53;2079,61;0
ABC003500387;20/08/15;2076,61;2076,61;2035,73;2035,73;0
ABC003500387;21/08/15;2024,89;2034,08;1970,89;1970,89;0
ABC003500387;24/08/15;1965,15;1965,15;1867,01;1893,21;0
ABC003500387;25/08/15;1898,08;1948,04;1867,08;1867,61;0
ABC003500387;26/08/15;1872,75;1943,09;1872,75;1940,51;0
ABC003500387;27/08/15;1942,77;1989,60;1942,77;1987,66;0
ABC003500387;28/08/15;1986,06;1993,48;1975,19;1988,87;0
ABC003500387;31/08/15;1986,73;1986,73;1965,98;1972,18;0
ABC003500387;01/09/15;1970,09;1970,09;1903,07;1913,85;0
ABC003500387;02/09/15;1916,52;1948,91;1916,52;1948,86;0
ABC003500387;03/09/15;1950,79;1975,01;1944,72;1951,13;0
ABC003500387;04/09/15;1947,76;1947,76;1911,21;1921,22;0
ABC003500387;07/09/15;1947,76;1947,76;1911,21;1921,22;0
ABC003500387;08/09/15;1927,30;1970,42;1927,30;1969,41;0
ABC003500387;09/09/15;1971,45;1988,63;1937,88;1942,04;0
ABC003500387;10/09/15;1941,59;1965,29;1937,19;1952,29;0
ABC003500387;11/09/15;1951,45;1961,05;1939,19;1961,05;0
ABC003500387;14/09/15;1963,06;1963,06;1948,27;1953,03;0
ABC003500387;15/09/15;1955,10;1983,19;1954,30;1978,09;0
ABC003500387;16/09/15;1978,02;1997,26;1977,93;1995,31;0
ABC003500387;17/09/15;1995,33;2020,86;1986,73;1990,20;0
ABC003500387;18/09/15;1989,66;1989,66;1953,45;1958,03;0
ABC003500387;21/09/15;1960,84;1979,64;1955,80;1966,97;0
ABC003500387;22/09/15;1961,39;1961,39;1929,22;1942,74;0
ABC003500387;23/09/15;1943,24;1949,52;1932,57;1938,76;0
ABC003500387;24/09/15;1934,81;1937,17;1908,92;1932,24;0
ABC003500387;25/09/15;1935,93;1952,89;1921,50;1931,34;0
ABC003500387;28/09/15;1929,18;1929,18;1879,21;1881,77;0
ABC003500387;29/09/15;1881,90;1899,48;1871,91;1884,09;0
ABC003500387;30/09/15;1887,14;1920,53;1887,14;1920,03;0
ABC003500387;01/10/15;1919,65;1927,21;1900,70;1923,82;0
ABC003500387;02/10/15;1921,77;1951,36;1893,70;1951,36;0
ABC003500387;05/10/15;1954,33;1989,17;1954,33;1987,05;0
ABC003500387;06/10/15;1986,63;1991,62;1971,99;1979,92;0
ABC003500387;07/10/15;1982,34;1999,31;1976,44;1995,83;0
ABC003500387;08/10/15;1994,01;2016,50;1987,53;2013,43;0
ABC003500387;09/10/15;2013,73;2020,13;2007,61;2014,89;0
ABC003500387;12/10/15;2015,65;2018,66;2010,55;2017,46;0
ABC003500387;13/10/15;2015,00;2022,34;2001,78;2003,69;0
ABC003500387;14/10/15;2003,66;2009,56;1990,73;1994,24;0
ABC003500387;15/10/15;1996,47;2024,15;1996,47;2023,86;0
ABC003500387;16/10/15;2024,37;2033,54;2020,46;2033,11;0
ABC003500387;19/10/15;2031,73;2034,45;2022,31;2033,66;0
ABC003500387;20/10/15;2033,13;2039,12;2026,61;2030,77;0
ABC003500387;21/10/15;2033,47;2037,97;2017,22;2018,94;0
ABC003500387;22/10/15;2021,88;2055,20;2021,88;2052,51;0
ABC003500387;23/10/15;2058,19;2079,74;2058,19;2075,15;0
ABC003500387;26/10/15;2075,08;2075,14;2066,53;2071,18;0
ABC003500387;27/10/15;2068,75;2070,37;2058,84;2065,89;0
ABC003500387;28/10/15;2066,48;2090,35;2063,11;2090,35;0
ABC003500387;29/10/15;2088,35;2092,52;2082,63;2089,41;0
ABC003500387;30/10/15;2090,00;2094,32;2079,34;2079,36;0
ABC003500387;02/11/15;2080,76;2106,20;2080,76;2104,05;0
ABC003500387;03/11/15;2102,63;2116,48;2097,51;2109,79;0
ABC003500387;04/11/15;2110,60;2114,59;2096,98;2102,31;0
ABC003500387;05/11/15;2101,68;2108,78;2090,41;2099,93;0
ABC003500387;06/11/15;2098,60;2101,91;2083,74;2099,20;0
ABC003500387;09/11/15;2096,56;2096,56;2068,24;2078,58;0
ABC003500387;10/11/15;2077,19;2083,67;2069,91;2081,72;0
ABC003500387;11/11/15;2083,41;2086,94;2074,85;2075,00;0
ABC003500387;12/11/15;2072,29;2072,29;2045,66;2045,97;0
ABC003500387;13/11/15;2044,64;2044,64;2022,02;2023,04;0
ABC003500387;16/11/15;2022,08;2053,22;2019,39;2053,19;0
ABC003500387;17/11/15;2053,67;2066,69;2045,90;2050,44;0
ABC003500387;18/11/15;2051,99;2085,31;2051,99;2083,58;0
ABC003500387;19/11/15;2083,70;2086,74;2078,76;2081,24;0
ABC003500387;20/11/15;2082,82;2097,06;2082,82;2089,17;0
ABC003500387;23/11/15;2089,41;2095,61;2081,39;2086,59;0
ABC003500387;24/11/15;2084,42;2094,12;2070,29;2089,14;0
ABC003500387;25/11/15;2089,30;2093,00;2086,30;2088,87;0
ABC003500387;26/11/15;2089,30;2093,00;2086,30;2088,87;0
ABC003500387;27/11/15;2088,82;2093,29;2084,13;2090,11;0
ABC003500387;30/11/15;2090,95;2093,81;2080,41;2080,41;0
ABC003500387;01/12/15;2082,93;2103,37;2082,93;2102,63;0
ABC003500387;02/12/15;2101,71;2104,27;2077,11;2079,51;0
ABC003500387;03/12/15;2080,71;2085,00;2042,35;2049,62;0
ABC003500387;04/12/15;2051,24;2093,84;2051,24;2091,69;0
ABC003500387;07/12/15;2090,42;2090,42;2066,78;2077,07;0
ABC003500387;08/12/15;2073,39;2073,85;2052,32;2063,59;0
ABC003500387;09/12/15;2061,17;2080,33;2036,53;2047,62;0
ABC003500387;10/12/15;2047,93;2067,65;2045,67;2052,23;0
ABC003500387;11/12/15;2045,30;2047,27;2008,80;2012,37;0
ABC003500387;14/12/15;2013,37;2022,92;1993,26;2021,94;0
ABC003500387;15/12/15;2025,55;2053,87;2025,55;2043,41;0
ABC003500387;16/12/15;2046,50;2076,72;2042,43;2073,07;0
ABC003500387;17/12/15;2073,76;2076,37;2041,66;2041,89;0
ABC003500387;18/12/15;2040,81;2040,81;2005,33;2005,55;0
ABC003500387;21/12/15;2010,27;2022,90;2005,93;2021,15;0
ABC003500387;22/12/15;2023,15;2042,74;2020,49;2038,97;0
ABC003500387;23/12/15;2042,20;2064,73;2042,20;2064,29;0
ABC003500387;24/12/15;2063,52;2067,36;2058,73;2060,99;0
ABC003500387;28/12/15;2057,77;2057,77;2044,20;2056,50;0
ABC003500387;29/12/15;2060,54;2081,56;2060,54;2078,36;0
ABC003500387;30/12/15;2077,34;2077,34;2061,97;2063,36;0
ABC003500387;31/12/15;2060,59;2062,54;2043,62;2043,94;0
ABC003500387;04/01/16;2034,37;2038,20;1989,68;2012,66;0
ABC003500387;05/01/16;2013,78;2021,94;2004,17;2016,71;0
ABC003500387;06/01/16;2011,71;2011,71;1979,05;1990,26;0
ABC003500387;07/01/16;1985,32;1985,32;1938,83;1943,09;0
ABC003500387;08/01/16;1949,54;1960,40;1918,46;1922,03;0
ABC003500387;11/01/16;1926,12;1935,65;1901,10;1923,67;0
ABC003500387;12/01/16;1927,83;1947,38;1914,35;1938,68;0
ABC003500387;13/01/16;1940,34;1950,33;1886,41;1890,28;0
ABC003500387;14/01/16;1891,68;1934,47;1878,93;1921,84;0
ABC003500387;15/01/16;1916,68;1916,68;1857,83;1880,33;0
ABC003500387;19/01/16;1888,66;1901,44;1864,60;1881,33;0
ABC003500387;20/01/16;1876,18;1876,18;1812,29;1859,33;0
ABC003500387;21/01/16;1861,46;1889,85;1848,98;1868,99;0
ABC003500387;22/01/16;1877,40;1908,85;1877,40;1906,90;0
ABC003500387;25/01/16;1906,28;1906,28;1875,97;1877,08;0
ABC003500387;26/01/16;1878,79;1906,73;1878,79;1903,63;0
ABC003500387;27/01/16;1902,52;1916,99;1872,70;1882,95;0
ABC003500387;28/01/16;1885,22;1902,96;1873,65;1893,36;0
ABC003500387;29/01/16;1894,00;1940,24;1894,00;1940,24;0
ABC003500387;01/02/16;1936,94;1947,20;1920,30;1939,38;0
ABC003500387;02/02/16;1935,26;1935,26;1897,29;1903,03;0
ABC003500387;03/02/16;1907,07;1918,01;1872,23;1912,53;0
ABC003500387;04/02/16;1911,67;1927,35;1900,52;1915,45;0
ABC003500387;05/02/16;1913,07;1913,07;1872,65;1880,05;0
ABC003500387;08/02/16;1873,25;1873,25;1828,46;1853,44;0
ABC003500387;09/02/16;1848,46;1868,25;1834,94;1852,21;0
ABC003500387;10/02/16;1857,10;1881,60;1850,32;1851,86;0
ABC003500387;11/02/16;1847,00;1847,00;1810,10;1829,08;0
ABC003500387;12/02/16;1833,40;1864,78;1833,40;1864,78;0
ABC003500387;15/02/16;1833,40;1864,78;1833,40;1864,78;0
ABC003500387;16/02/16;1871,44;1895,77;1871,44;1895,58;0
ABC003500387;17/02/16;1898,80;1930,68;1898,80;1926,82;0
ABC003500387;18/02/16;1927,57;1930,00;1915,09;1917,83;0
ABC003500387;19/02/16;1916,74;1918,78;1902,17;1917,78;0
ABC003500387;22/02/16;1924,44;1946,70;1924,44;1945,50;0
ABC003500387;23/02/16;1942,38;1942,38;1919,44;1921,27;0
ABC003500387;24/02/16;1917,56;1932,08;1891,00;1929,80;0
ABC003500387;25/02/16;1931,87;1951,83;1925,41;1951,70;0
ABC003500387;26/02/16;1954,95;1962,96;1945,78;1948,05;0
ABC003500387;29/02/16;1947,13;1958,27;1931,81;1932,23;0
ABC003500387;01/03/16;1937,09;1978,35;1937,09;1978,35;0
ABC003500387;02/03/16;1976,60;1986,51;1968,80;1986,45;0
ABC003500387;03/03/16;1985,60;1993,69;1977,37;1993,40;0
ABC003500387;04/03/16;1994,01;2009,13;1986,77;1999,99;0
ABC003500387;07/03/16;1996,11;2006,12;1989,38;2001,76;0
ABC003500387;08/03/16;1996,88;1996,88;1977,43;1979,26;0
ABC003500387;09/03/16;1981,44;1992,69;1979,84;1989,26;0
ABC003500387;10/03/16;1990,97;2005,08;1969,25;1989,57;0
ABC003500387;11/03/16;1994,71;2022,37;1994,71;2022,19;0
ABC003500387;14/03/16;2019,27;2024,57;2012,05;2019,64;0
ABC003500387;15/03/16;2015,27;2015,94;2005,23;2015,93;0
ABC003500387;16/03/16;2014,24;2032,02;2010,04;2027,22;0
ABC003500387;17/03/16;2026,90;2046,24;2022,16;2040,59;0
ABC003500387;18/03/16;2041,16;2052,36;2041,16;2049,58;0
ABC003500387;21/03/16;2047,88;2053,91;2043,14;2051,60;0
ABC003500387;22/03/16;2048,64;2056,60;2040,57;2049,80;0
ABC003500387;23/03/16;2048,55;2048,55;2034,86;2036,71;0
ABC003500387;24/03/16;2032,48;2036,04;2022,49;2035,94;0
ABC003500387;25/03/16;2032,48;2036,04;2022,49;2035,94;0
ABC003500387;28/03/16;2037,89;2042,67;2031,96;2037,05;0
ABC003500387;29/03/16;2035,75;2055,91;2028,31;2055,01;0
ABC003500387;30/03/16;2058,27;2072,21;2058,27;2063,95;0
ABC003500387;31/03/16;2063,77;2067,92;2057,46;2059,74;0
ABC003500387;01/04/16;2056,62;2075,07;2043,98;2072,78;0
ABC003500387;04/04/16;2073,19;2074,02;2062,57;2066,13;0
ABC003500387;05/04/16;2062,50;2062,50;2042,56;2045,17;0
ABC003500387;06/04/16;2045,56;2067,33;2043,09;2066,66;0
ABC003500387;07/04/16;2063,01;2063,01;2033,80;2041,91;0
ABC003500387;08/04/16;2045,54;2060,63;2041,69;2047,60;0
ABC003500387;11/04/16;2050,23;2062,93;2041,88;2041,99;0
ABC003500387;12/04/16;2043,72;2065,05;2039,74;2061,72;0
ABC003500387;13/04/16;2065,92;2083,18;2065,92;2082,42;0
ABC003500387;14/04/16;2082,89;2087,84;2078,13;2082,78;0
ABC003500387;15/04/16;2083,10;2083,22;2076,31;2080,73;0
ABC003500387;18/04/16;2078,83;2094,66;2073,65;2094,34;0
ABC003500387;19/04/16;2096,05;2104,05;2091,68;2100,80;0
ABC003500387;20/04/16;2101,52;2111,05;2096,32;2102,40;0
ABC003500387;21/04/16;2102,09;2103,78;2088,52;2091,48;0
ABC003500387;22/04/16;2091,49;2094,32;2081,20;2091,58;0
ABC003500387;25/04/16;2089,37;2089,37;2077,52;2087,79;0
ABC003500387;26/04/16;2089,84;2096,87;2085,80;2091,70;0
ABC003500387;27/04/16;2092,33;2099,89;2082,31;2095,15;0
ABC003500387;28/04/16;2090,93;2099,30;2071,62;2075,81;0
ABC003500387;29/04/16;2071,82;2073,85;2052,28;2065,30;0
ABC003500387;02/05/16;2067,17;2083,42;2066,11;2081,43;0
ABC003500387;03/05/16;2077,18;2077,18;2054,89;2063,37;0
ABC003500387;04/05/16;2060,30;2060,30;2045,55;2051,12;0
ABC003500387;05/05/16;2052,95;2060,23;2045,77;2050,63;0
ABC003500387;06/05/16;2047,77;2057,72;2039,45;2057,14;0
ABC003500387;09/05/16;2057,55;2064,15;2054,31;2058,69;0
ABC003500387;10/05/16;2062,63;2084,87;2062,63;2084,39;0
ABC003500387;11/05/16;2083,29;2083,29;2064,46;2064,46;0
ABC003500387;12/05/16;2067,17;2073,99;2053,13;2064,11;0
ABC003500387;13/05/16;2062,50;2066,79;2043,13;2046,61;0
ABC003500387;16/05/16;2046,53;2071,88;2046,53;2066,66;0
ABC003500387;17/05/16;2065,04;2065,69;2040,82;2047,21;0
ABC003500387;18/05/16;2044,38;2060,61;2034,49;2047,63;0
ABC003500387;19/05/16;2044,21;2044,21;2025,91;2040,04;0
ABC003500387;20/05/16;2041,88;2058,35;2041,88;2052,32;0
ABC003500387;23/05/16;2052,23;2055,58;2047,26;2048,04;0
ABC003500387;24/05/16;2052,65;2079,67;2052,65;2076,06;0
ABC003500387;25/05/16;2078,93;2094,73;2078,93;2090,54;0
ABC003500387;26/05/16;2091,44;2094,30;2087,08;2090,10;0
ABC003500387;27/05/16;2090,06;2099,06;2090,06;2099,06;0
ABC003500387;30/05/16;2090,06;2099,06;2090,06;2099,06;0
ABC003500387;31/05/16;2100,13;2103,48;2088,66;2096,96;0
ABC003500387;01/06/16;2093,94;2100,97;2085,10;2099,33;0
ABC003500387;02/06/16;2097,71;2105,26;2088,59;2105,26;0
ABC003500387;03/06/16;2104,07;2104,07;2085,36;2099,13;0
ABC003500387;06/06/16;2100,83;2113,36;2100,83;2109,41;0
ABC003500387;07/06/16;2110,18;2119,22;2110,18;2112,13;0
ABC003500387;08/06/16;2112,71;2120,55;2112,71;2119,12;0
ABC003500387;09/06/16;2115,65;2117,64;2107,73;2115,48;0
ABC003500387;10/06/16;2109,57;2109,57;2089,96;2096,07;0
ABC003500387;13/06/16;2089,58;2098,12;2078,46;2079,06;0
ABC003500387;14/06/16;2076,65;2081,30;2064,10;2075,32;0
ABC003500387;15/06/16;2077,60;2085,65;2069,80;2071,50;0
ABC003500387;16/06/16;2066,36;2079,62;2050,37;2077,99;0
ABC003500387;17/06/16;2078,20;2078,20;2062,84;2071,22;0
ABC003500387;20/06/16;2075,58;2100,66;2075,58;2083,25;0
ABC003500387;21/06/16;2085,19;2093,66;2083,02;2088,90;0
ABC003500387;22/06/16;2089,75;2099,71;2084,36;2085,45;0
ABC003500387;23/06/16;2092,80;2113,32;2092,80;2113,32;0
ABC003500387;24/06/16;2103,81;2103,81;2032,57;2037,41;0
ABC003500387;27/06/16;2031,45;2031,45;1991,68;2000,54;0
ABC003500387;28/06/16;2006,67;2036,09;2006,67;2036,09;0
ABC003500387;29/06/16;2042,69;2073,13;2042,69;2070,77;0
ABC003500387;30/06/16;2073,17;2098,94;2070,00;2098,86;0
ABC003500387;01/07/16;2099,34;2108,71;2097,90;2102,95;0
ABC003500387;05/07/16;2095,05;2095,05;2080,86;2088,55;0
ABC003500387;06/07/16;2084,43;2100,72;2074,02;2099,73;0
ABC003500387;07/07/16;2100,42;2109,08;2089,39;2097,90;0
ABC003500387;08/07/16;2106,97;2131,71;2106,97;2129,90;0
ABC003500387;11/07/16;2131,72;2143,16;2131,72;2137,16;0
ABC003500387;12/07/16;2139,50;2155,40;2139,50;2152,14;0
ABC003500387;13/07/16;2153,81;2156,45;2146,21;2152,43;0
ABC003500387;14/07/16;2157,88;2168,99;2157,88;2163,75;0
ABC003500387;15/07/16;2165,13;2169,05;2155,79;2161,74;0
ABC003500387;18/07/16;2162,04;2168,35;2159,63;2166,89;0
ABC003500387;19/07/16;2163,79;2164,63;2159,01;2163,78;0
ABC003500387;20/07/16;2166,10;2175,63;2164,89;2173,02;0
ABC003500387;21/07/16;2172,91;2174,56;2159,75;2165,17;0
ABC003500387;22/07/16;2166,47;2175,11;2163,24;2175,03;0
ABC003500387;25/07/16;2173,71;2173,71;2161,95;2168,48;0
ABC003500387;26/07/16;2168,97;2173,54;2160,18;2169,18;0
ABC003500387;27/07/16;2169,81;2174,98;2159,07;2166,58;0
ABC003500387;28/07/16;2166,05;2172,85;2159,74;2170,06;0
ABC003500387;29/07/16;2168,83;2177,09;2163,49;2173,60;0
ABC003500387;01/08/16;2173,15;2178,29;2166,21;2170,84;0
ABC003500387;02/08/16;2169,94;2170,20;2147,58;2157,03;0
ABC003500387;03/08/16;2156,81;2163,79;2152,56;2163,79;0
ABC003500387;04/08/16;2163,51;2168,19;2159,07;2164,25;0
ABC003500387;05/08/16;2168,79;2182,87;2168,79;2182,87;0
ABC003500387;08/08/16;2183,76;2185,44;2177,85;2180,89;0
ABC003500387;09/08/16;2182,24;2187,66;2178,61;2181,74;0
ABC003500387;10/08/16;2182,81;2183,41;2172,00;2175,49;0
ABC003500387;11/08/16;2177,97;2188,45;2177,97;2185,79;0
ABC003500387;12/08/16;2183,74;2186,28;2179,42;2184,05;0
ABC003500387;15/08/16;2186,08;2193,81;2186,08;2190,15;0
ABC003500387;16/08/16;2186,24;2186,24;2178,14;2178,15;0
ABC003500387;17/08/16;2177,84;2183,08;2168,50;2182,22;0
ABC003500387;18/08/16;2181,90;2187,03;2180,46;2187,02;0
ABC003500387;19/08/16;2184,24;2185,00;2175,13;2183,87;0
ABC003500387;22/08/16;2181,58;2185,15;2175,96;2182,64;0
ABC003500387;23/08/16;2187,81;2193,42;2186,80;2186,90;0
ABC003500387;24/08/16;2185,09;2186,66;2171,25;2175,44;0
ABC003500387;25/08/16;2173,29;2179,00;2169,74;2172,47;0
ABC003500387;26/08/16;2175,10;2187,94;2160,39;2169,04;0
ABC003500387;29/08/16;2170,19;2183,48;2170,19;2180,38;0
ABC003500387;30/08/16;2179,45;2182,27;2170,41;2176,12;0
ABC003500387;31/08/16;2173,56;2173,79;2161,35;2170,95;0
ABC003500387;01/09/16;2171,33;2173,56;2157,09;2170,86;0
ABC003500387;02/09/16;2177,49;2184,87;2173,59;2179,98;0
ABC003500387;06/09/16;2181,61;2186,57;2175,10;2186,48;0
ABC003500387;07/09/16;2185,17;2187,87;2179,07;2186,16;0
ABC003500387;08/09/16;2182,76;2184,94;2177,49;2181,30;0
ABC003500387;09/09/16;2169,08;2169,08;2127,81;2127,81;0
ABC003500387;12/09/16;2120,86;2163,30;2119,12;2159,04;0
ABC003500387;13/09/16;2150,47;2150,47;2120,27;2127,02;0
ABC003500387;14/09/16;2127,86;2141,33;2119,90;2125,77;0
ABC003500387;15/09/16;2125,36;2151,31;2122,36;2147,26;0
ABC003500387;16/09/16;2146,48;2146,48;2131,20;2139,16;0
ABC003500387;19/09/16;2143,99;2153,61;2135,91;2139,12;0
ABC003500387;20/09/16;2145,94;2150,80;2139,17;2139,76;0
ABC003500387;21/09/16;2144,58;2165,11;2139,57;2163,12;0
ABC003500387;22/09/16;2170,94;2179,99;2170,94;2177,18;0
ABC003500387;23/09/16;2173,29;2173,75;2163,97;2164,69;0
ABC003500387;26/09/16;2158,54;2158,54;2145,04;2146,10;0
ABC003500387;27/09/16;2146,04;2161,13;2141,55;2159,93;0
ABC003500387;28/09/16;2161,85;2172,40;2151,79;2171,37;0
ABC003500387;29/09/16;2168,90;2172,67;2145,20;2151,13;0
ABC003500387;30/09/16;2156,51;2175,30;2156,51;2168,27;0
ABC003500387;03/10/16;2164,33;2164,41;2154,77;2161,20;0
ABC003500387;04/10/16;2163,37;2165,46;2144,01;2150,49;0
ABC003500387;05/10/16;2155,15;2163,95;2155,15;2159,73;0
ABC003500387;06/10/16;2158,22;2162,93;2150,28;2160,77;0
ABC003500387;07/10/16;2164,19;2165,86;2144,85;2153,74;0
ABC003500387;10/10/16;2160,39;2169,60;2160,39;2163,66;0
ABC003500387;11/10/16;2161,35;2161,56;2128,84;2136,73;0
ABC003500387;12/10/16;2137,67;2145,36;2132,77;2139,18;0
ABC003500387;13/10/16;2130,26;2138,19;2114,72;2132,55;0
ABC003500387;14/10/16;2139,68;2149,19;2132,98;2132,98;0
ABC003500387;17/10/16;2132,95;2135,61;2124,43;2126,50;0
ABC003500387;18/10/16;2138,31;2144,38;2135,49;2139,60;0
ABC003500387;19/10/16;2140,81;2148,44;2138,15;2144,29;0
ABC003500387;20/10/16;2142,51;2147,18;2133,44;2141,34;0
ABC003500387;21/10/16;2139,43;2142,63;2130,09;2141,16;0
ABC003500387;24/10/16;2148,50;2154,79;2146,91;2151,33;0
ABC003500387;25/10/16;2149,72;2151,44;2141,93;2143,16;0
ABC003500387;26/10/16;2136,97;2145,73;2131,59;2139,43;0
ABC003500387;27/10/16;2144,06;2147,13;2132,52;2133,04;0
ABC003500387;28/10/16;2132,23;2140,72;2119,36;2126,41;0
ABC003500387;31/10/16;2129,78;2133,25;2125,53;2126,15;0
ABC003500387;01/11/16;2128,68;2131,45;2097,85;2111,72;0
ABC003500387;02/11/16;2109,43;2111,76;2094,00;2097,94;0
ABC003500387;03/11/16;2098,80;2102,56;2085,23;2088,66;0
ABC003500387;04/11/16;2083,79;2099,07;2083,79;2085,18;0
ABC003500387;07/11/16;2100,59;2132,00;2100,59;2131,52;0
ABC003500387;08/11/16;2129,92;2146,87;2123,56;2139,56;0
ABC003500387;09/11/16;2131,56;2170,10;2125,35;2163,26;0
ABC003500387;10/11/16;2167,49;2182,30;2151,17;2167,48;0
ABC003500387;11/11/16;2162,71;2165,92;2152,49;2164,45;0
ABC003500387;14/11/16;2165,64;2171,36;2156,08;2164,20;0
ABC003500387;15/11/16;2168,29;2180,84;2166,38;2180,39;0
ABC003500387;16/11/16;2177,53;2179,22;2172,20;2176,94;0
ABC003500387;17/11/16;2178,61;2188,06;2176,65;2187,12;0
ABC003500387;18/11/16;2186,85;2189,89;2180,38;2181,90;0
ABC003500387;21/11/16;2186,43;2198,70;2186,43;2198,18;0
ABC003500387;22/11/16;2201,56;2204,80;2194,51;2202,94;0
ABC003500387;23/11/16;2198,55;2204,72;2194,51;2204,72;0
ABC003500387;25/11/16;2206,27;2213,35;2206,27;2213,35;0
ABC003500387;28/11/16;2210,21;2211,14;2200,36;2201,72;0
ABC003500387;29/11/16;2200,76;2210,46;2198,15;2204,66;0
ABC003500387;30/11/16;2204,97;2214,10;2198,81;2198,81;0
ABC003500387;01/12/16;2200,17;2202,60;2187,44;2191,08;0
ABC003500387;02/12/16;2191,12;2197,95;2188,37;2191,95;0
ABC003500387;05/12/16;2200,65;2209,42;2199,97;2204,71;0
ABC003500387;06/12/16;2207,26;2212,78;2202,21;2212,23;0
ABC003500387;07/12/16;2210,72;2241,63;2208,93;2241,35;0
ABC003500387;08/12/16;2241,13;2251,69;2237,57;2246,19;0
ABC003500387;09/12/16;2249,73;2259,80;2249,23;2259,53;0
ABC003500387;12/12/16;2258,83;2264,03;2252,37;2256,96;0
ABC003500387;13/12/16;2263,32;2277,53;2263,32;2271,72;0
ABC003500387;14/12/16;2268,35;2276,20;2248,44;2253,28;0
ABC003500387;15/12/16;2253,77;2272,12;2253,77;2262,03;0
ABC003500387;16/12/16;2266,81;2268,05;2254,24;2258,07;0
ABC003500387;19/12/16;2259,24;2267,47;2258,21;2262,53;0
ABC003500387;20/12/16;2266,50;2272,56;2266,14;2270,76;0
ABC003500387;21/12/16;2270,54;2271,23;2265,15;2265,18;0
ABC003500387;22/12/16;2262,93;2263,18;2256,08;2260,96;0
ABC003500387;23/12/16;2260,25;2263,79;2258,84;2263,79;0
ABC003500387;26/12/16;2260,25;2263,79;2258,84;2263,79;0
ABC003500387;27/12/16;2266,23;2273,82;2266,15;2268,88;0
ABC003500387;28/12/16;2270,23;2271,31;2249,11;2249,92;0
ABC003500387;29/12/16;2249,50;2254,51;2244,56;2249,26;0
ABC003500387;30/12/16;2251,61;2253,58;2233,62;2238,83;0
ABC003500387;03/01/17;2251,57;2263,88;2245,13;2257,83;0
ABC003500387;04/01/17;2261,60;2272,82;2261,60;2270,75;0
ABC003500387;05/01/17;2268,18;2271,50;2260,45;2269,00;0
ABC003500387;06/01/17;2271,14;2282,10;2264,06;2276,98;0
ABC003500387;09/01/17;2273,59;2275,49;2268,90;2268,90;0
ABC003500387;10/01/17;2269,72;2279,27;2265,27;2268,90;0
ABC003500387;11/01/17;2268,60;2275,32;2260,83;2275,32;0
ABC003500387;12/01/17;2271,14;2271,78;2254,25;2270,44;0
ABC003500387;13/01/17;2272,74;2278,68;2271,51;2274,64;0
ABC003500387;16/01/17;2272,74;2278,68;2271,51;2274,64;0
ABC003500387;18/01/17;2269,14;2272,01;2263,35;2271,89;0
ABC003500387;19/01/17;2271,90;2274,33;2258,41;2263,69;0
ABC003500387;20/01/17;2269,96;2276,96;2265,01;2271,31;0
ABC003500387;23/01/17;2267,78;2271,78;2257,02;2265,20;0
ABC003500387;24/01/17;2267,88;2284,63;2266,68;2280,07;0
ABC003500387;25/01/17;2288,88;2299,55;2288,88;2298,37;0
ABC003500387;26/01/17;2298,63;2300,99;2294,08;2296,68;0
ABC003500387;27/01/17;2299,02;2299,02;2291,62;2294,69;0
ABC003500387;30/01/17;2286,01;2286,01;2268,04;2280,90;0
ABC003500387;31/01/17;2274,02;2279,09;2267,21;2278,87;0
ABC003500387;01/02/17;2285,59;2289,14;2272,44;2279,55;0
ABC003500387;02/02/17;2276,69;2283,97;2271,65;2280,85;0
ABC003500387;03/02/17;2288,54;2298,31;2287,88;2297,42;0
ABC003500387;06/02/17;2294,28;2296,18;2288,57;2292,56;0
ABC003500387;07/02/17;2295,87;2299,40;2290,16;2293,08;0
ABC003500387;08/02/17;2289,55;2295,91;2285,38;2294,67;0
ABC003500387;09/02/17;2296,70;2311,08;2296,61;2307,87;0
ABC003500387;10/02/17;2312,27;2319,23;2311,10;2316,10;0
ABC003500387;13/02/17;2321,72;2331,58;2321,42;2328,25;0
ABC003500387;14/02/17;2326,12;2337,58;2322,17;2337,58;0
ABC003500387;15/02/17;2335,58;2351,30;2334,81;2349,25;0
ABC003500387;16/02/17;2349,64;2351,31;2338,87;2347,22;0
ABC003500387;17/02/17;2343,01;2351,16;2339,58;2351,16;0
ABC003500387;20/02/17;2343,01;2351,16;2339,58;2351,16;0
ABC003500387;21/02/17;2354,91;2366,71;2354,91;2365,38;0
ABC003500387;22/02/17;2361,11;2365,13;2358,34;2362,82;0
ABC003500387;23/02/17;2367,50;2368,26;2355,09;2363,81;0
ABC003500387;24/02/17;2355,73;2367,34;2352,87;2367,34;0
ABC003500387;27/02/17;2365,23;2371,54;2361,87;2369,75;0
ABC003500387;28/02/17;2366,08;2367,79;2358,96;2363,64;0
ABC003500387;01/03/17;2380,13;2400,98;2380,13;2395,96;0
ABC003500387;02/03/17;2394,75;2394,75;2380,17;2381,92;0
ABC003500387;03/03/17;2380,92;2383,89;2375,39;2383,12;0
ABC003500387;06/03/17;2375,23;2378,80;2367,98;2375,31;0
ABC003500387;07/03/17;2370,74;2375,12;2365,51;2368,38;0
ABC003500387;08/03/17;2369,81;2373,09;2361,01;2362,98;0
ABC003500387;09/03/17;2363,49;2369,08;2354,54;2364,87;0
ABC003500387;10/03/17;2372,52;2376,86;2363,04;2372,60;0
ABC003500387;13/03/17;2371,56;2374,42;2368,52;2373,47;0
ABC003500387;14/03/17;2368,55;2368,55;2358,18;2365,45;0
ABC003500387;15/03/17;2370,34;2390,01;2368,94;2385,26;0
ABC003500387;16/03/17;2387,71;2388,10;2377,18;2381,38;0
ABC003500387;17/03/17;2383,71;2385,71;2377,64;2378,25;0
ABC003500387;20/03/17;2378,24;2379,55;2369,66;2373,47;0
ABC003500387;21/03/17;2379,32;2381,93;2341,90;2344,02;0
ABC003500387;22/03/17;2343,00;2351,81;2336,45;2348,45;0
ABC003500387;23/03/17;2345,97;2358,92;2342,13;2345,96;0
ABC003500387;24/03/17;2350,42;2356,22;2335,74;2343,98;0
ABC003500387;27/03/17;2350,42;2350,42;2322,25;2341,59;0
